timestamp,visitorid,event,itemid,transactionid,timestamp_item,property,value
1970-01-01 00:23:53.221332117,257597,view,355908,,,,
1970-01-01 00:23:53.224214164,992329,view,248676,,,,
1970-01-01 00:23:53.221999827,111016,view,318965,,,,
1970-01-01 00:23:53.221955914,483717,view,253185,,,,
1970-01-01 00:23:53.221337106,951259,view,367447,,,,
1970-01-01 00:23:53.224086234,972639,view,22556,,,,
1970-01-01 00:23:53.221923240,810725,view,443030,,,,
1970-01-01 00:23:53.223291897,794181,view,439202,,,,
1970-01-01 00:23:53.220899221,824915,view,428805,,,,
1970-01-01 00:23:53.221204592,339335,view,82389,,,,
1970-01-01 00:23:53.222162373,176446,view,10572,,,,
1970-01-01 00:23:53.221701252,929206,view,410676,,,,
1970-01-01 00:23:53.224229496,15795,view,44872,,,,
1970-01-01 00:23:53.223697356,598426,view,156489,,,,
1970-01-01 00:23:53.224078165,223343,view,402625,,,,
1970-01-01 00:23:53.222531378,57036,view,334662,,,,
1970-01-01 00:23:53.223239808,1377281,view,251467,,,,
1970-01-01 00:23:53.223236124,287857,addtocart,5206,,,,
1970-01-01 00:23:53.224244282,1370216,view,176721,,,,
1970-01-01 00:23:53.221078505,158090,addtocart,10572,,,,
1970-01-01 00:23:53.224070841,1398644,view,135256,,,,
1970-01-01 00:23:53.224252461,653756,view,132316,,,,
1970-01-01 00:23:53.221274809,1213673,view,343861,,,,
1970-01-01 00:23:53.221275206,864246,view,36642,,,,
1970-01-01 00:23:53.223203944,125625,view,17655,,,,
1970-01-01 00:23:53.224683817,608100,view,187722,,,,
1970-01-01 00:23:53.221373311,781127,view,21989,,,,
1970-01-01 00:23:53.222147345,1076270,view,262799,,,,
1970-01-01 00:23:53.224554732,453474,view,250696,,,,
1970-01-01 00:23:53.221377547,1153198,view,388242,,,,
1970-01-01 00:23:53.224266445,273888,view,205392,,,,
1970-01-01 00:23:53.221380636,849453,view,123990,,,,
1970-01-01 00:23:53.221018375,487887,view,345560,,,,
1970-01-01 00:23:53.223176926,629333,view,128394,,,,
1970-01-01 00:23:53.222143427,1130165,view,45337,,,,
1970-01-01 00:23:53.224644638,361387,view,43485,,,,
1970-01-01 00:23:53.223643340,112175,view,430845,,,,
1970-01-01 00:23:53.223471170,860082,view,22926,,,,
1970-01-01 00:23:53.223159620,784669,view,181743,,,,
1970-01-01 00:23:53.222438241,1061147,view,280893,,,,
1970-01-01 00:23:53.224056696,485456,view,216707,,,,
1970-01-01 00:23:53.221622167,1342963,view,306886,,,,
1970-01-01 00:23:53.223776925,969887,view,159780,,,,
1970-01-01 00:23:53.223148655,759369,view,386527,,,,
1970-01-01 00:23:53.223146605,1282360,view,106564,,,,
1970-01-01 00:23:53.221051265,233317,view,75994,,,,
1970-01-01 00:23:53.223785793,392042,view,280375,,,,
1970-01-01 00:23:53.221172079,591038,view,367500,,,,
1970-01-01 00:23:53.223138106,692195,view,112792,,,,
1970-01-01 00:23:53.223574540,432882,view,102061,,,,
1970-01-01 00:23:53.223790254,392042,view,16813,,,,
1970-01-01 00:23:53.223131380,808133,view,128499,,,,
1970-01-01 00:23:53.221169402,180680,view,456784,,,,
1970-01-01 00:23:53.224050320,1151716,view,427725,,,,
1970-01-01 00:23:53.222134037,597724,view,134264,,,,
1970-01-01 00:23:53.220944616,179437,view,335975,,,,
1970-01-01 00:23:53.221087074,794013,view,51354,,,,
1970-01-01 00:23:53.222365385,975530,view,55555,,,,
1970-01-01 00:23:53.223102457,741702,view,350819,,,,
1970-01-01 00:23:53.221411595,1219180,view,422768,,,,
1970-01-01 00:23:53.222561588,1143908,view,417464,,,,
1970-01-01 00:23:53.223360663,1078178,view,323147,,,,
1970-01-01 00:23:53.224303386,503970,view,448136,,,,
1970-01-01 00:23:53.223543021,1193904,addtocart,255275,,,,
1970-01-01 00:23:53.224041294,376913,view,140848,,,,
1970-01-01 00:23:53.223076406,1262470,view,102986,,,,
1970-01-01 00:23:53.221422147,1153198,view,357579,,,,
1970-01-01 00:23:53.222366959,238317,view,348196,,,,
1970-01-01 00:23:53.223067576,800456,view,31514,,,,
1970-01-01 00:23:53.222031235,1219627,view,292444,,,,
1970-01-01 00:23:53.221152282,526166,view,332761,,,,
1970-01-01 00:23:53.221092368,685949,view,395002,,,,
1970-01-01 00:23:53.223447924,860082,view,415437,,,,
1970-01-01 00:23:53.221149711,721839,view,391289,,,,
1970-01-01 00:23:53.224324329,635011,view,142075,,,,
1970-01-01 00:23:53.222571026,293285,view,288868,,,,
1970-01-01 00:23:53.223854839,21004,view,181142,,,,
1970-01-01 00:23:53.223855932,1179587,view,367797,,,,
1970-01-01 00:23:53.222424790,1059530,view,302509,,,,
1970-01-01 00:23:53.224145724,854656,view,87947,,,,
1970-01-01 00:23:53.223587786,77112,view,97879,,,,
1970-01-01 00:23:53.224666941,557587,view,131882,,,,
1970-01-01 00:23:53.223862777,83034,view,255833,,,,
1970-01-01 00:23:53.221237091,233317,view,75994,,,,
1970-01-01 00:23:53.223866018,993954,view,227935,,,,
1970-01-01 00:23:53.223866632,1045426,view,69533,,,,
1970-01-01 00:23:53.222046974,428642,view,359747,,,,
1970-01-01 00:23:53.223879629,15795,view,81075,,,,
1970-01-01 00:23:53.221139773,97140,view,257675,,,,
1970-01-01 00:23:53.224498209,970474,view,324543,,,,
1970-01-01 00:23:53.221138230,97140,view,328025,,,,
1970-01-01 00:23:53.224344626,138674,view,202719,,,,
1970-01-01 00:23:53.222980695,1045633,view,372688,,,,
1970-01-01 00:23:53.224471042,202383,view,261865,,,,
1970-01-01 00:23:53.224754197,1109336,view,431148,,,,
1970-01-01 00:23:53.221135245,320957,view,102131,,,,
1970-01-01 00:23:53.223900862,132736,view,67627,,,,
1970-01-01 00:23:53.224352539,282587,view,78037,,,,
1970-01-01 00:23:53.222949983,901571,view,458588,,,,
1970-01-01 00:23:53.222949347,442035,view,75006,,,,
1970-01-01 00:23:53.221468563,881338,view,24431,,,,
1970-01-01 00:23:53.222946463,789114,view,412312,,,,
1970-01-01 00:23:53.222103817,1096028,view,337686,,,,
1970-01-01 00:23:53.222942281,1269628,view,137305,,,,
1970-01-01 00:23:53.222930873,428642,view,167337,,,,
1970-01-01 00:23:53.220897977,1217827,view,203231,,,,
1970-01-01 00:23:53.221123646,1076270,view,269430,,,,
1970-01-01 00:23:53.224370656,1137444,view,308053,,,,
1970-01-01 00:23:53.221776140,1254314,view,202373,,,,
1970-01-01 00:23:53.221974779,870742,view,456005,,,,
1970-01-01 00:23:53.221740333,712443,view,346655,,,,
1970-01-01 00:23:53.224464446,513527,view,227437,,,,
1970-01-01 00:23:53.221941632,599528,addtocart,356475,,,,
1970-01-01 00:23:53.222595153,1341619,view,77884,,,,
1970-01-01 00:23:53.222897013,492414,view,279976,,,,
1970-01-01 00:23:53.220908194,824915,view,25427,,,,
1970-01-01 00:23:53.222894011,248805,view,347194,,,,
1970-01-01 00:23:53.223952336,1263264,view,46097,,,,
1970-01-01 00:23:53.224782317,239546,view,42002,,,,
1970-01-01 00:23:53.222409338,506289,view,131383,,,,
1970-01-01 00:23:53.222877292,432824,view,221347,,,,
1970-01-01 00:23:53.222876482,8287,view,459752,,,,
1970-01-01 00:23:53.223968687,338231,view,141264,,,,
1970-01-01 00:23:53.222088855,398762,view,21886,,,,
1970-01-01 00:23:53.224388360,625389,view,316135,,,,
1970-01-01 00:23:53.222860128,428642,view,190172,,,,
1970-01-01 00:23:53.221108142,911380,view,28540,,,,
1970-01-01 00:23:53.222605362,326029,view,455763,,,,
1970-01-01 00:23:53.221107378,357556,view,13091,,,,
1970-01-01 00:23:53.224396283,536254,view,267839,,,,
1970-01-01 00:23:53.222276276,599528,transaction,356475,4000.0,,,
1970-01-01 00:23:53.221512084,1124962,view,213464,,,,
1970-01-01 00:23:53.221512427,1402325,view,20889,,,,
1970-01-01 00:23:53.222824444,930371,view,160161,,,,
1970-01-01 00:23:53.222820149,1304277,view,341548,,,,
1970-01-01 00:23:53.222291999,428642,view,7438,,,,
1970-01-01 00:23:53.221689977,456697,view,398579,,,,
1970-01-01 00:23:53.221523348,1118731,view,350689,,,,
1970-01-01 00:23:53.220912321,390868,view,432330,,,,
1970-01-01 00:23:53.221229122,1004326,view,432925,,,,
1970-01-01 00:23:53.222793547,761633,view,432152,,,,
1970-01-01 00:23:53.221525635,952604,view,466861,,,,
1970-01-01 00:23:53.221526354,849453,view,423120,,,,
1970-01-01 00:23:53.222790079,75249,view,283146,,,,
1970-01-01 00:23:53.224416053,1028478,view,438681,,,,
1970-01-01 00:23:53.223636836,77112,view,146700,,,,
1970-01-01 00:23:53.221724640,448895,view,322930,,,,
1970-01-01 00:23:53.220872479,736627,view,98498,,,,
1970-01-01 00:23:53.222772343,301980,view,288280,,,,
1970-01-01 00:23:53.221718235,1316756,view,303619,,,,
1970-01-01 00:23:53.221835749,346219,view,37945,,,,
1970-01-01 00:23:53.222623158,402205,view,46130,,,,
1970-01-01 00:23:53.224733131,949379,view,310791,,,,
1970-01-01 00:23:53.224435371,170060,view,213570,,,,
1970-01-01 00:23:53.221686200,1249248,view,422425,,,,
1970-01-01 00:23:53.221998234,265788,view,10620,,,,
1970-01-01 00:23:53.220966569,424164,view,397256,,,,
1970-01-01 00:23:53.222181172,1229852,view,389644,,,,
1970-01-01 00:23:53.223376533,1241483,view,298868,,,,
1970-01-01 00:23:53.220965740,132864,view,386146,,,,
1970-01-01 00:23:53.222721345,1384997,view,134458,,,,
1970-01-01 00:23:53.223622608,177820,view,244504,,,,
1970-01-01 00:23:53.222719578,1107507,view,444338,,,,
1970-01-01 00:23:53.222341342,497111,view,367617,,,,
1970-01-01 00:23:53.222646781,529601,view,161166,,,,
1970-01-01 00:23:53.221558611,1386874,view,261320,,,,
1970-01-01 00:23:53.221690620,126887,view,413990,,,,
1970-01-01 00:23:53.222057888,125625,view,25071,,,,
1970-01-01 00:23:53.221585010,1153198,view,388242,,,,
1970-01-01 00:23:53.222500605,122629,view,256368,,,,
1970-01-01 00:23:53.222492114,231733,view,324624,,,,
1970-01-01 00:23:53.221846073,870742,view,234255,,,,
1970-01-01 00:23:53.222012357,266709,view,190545,,,,
1970-01-01 00:23:53.222482735,208393,view,268266,,,,
1970-01-01 00:23:53.221650063,589997,view,110122,,,,
1970-01-01 00:23:53.223651491,800456,view,394254,,,,
1970-01-01 00:23:53.221038433,1100013,view,40596,,,,
1970-01-01 00:23:53.223502068,77112,view,38483,,,,
1970-01-01 00:23:53.224523363,1044534,view,272187,,,,
1970-01-01 00:23:53.220880956,105775,addtocart,312728,,,,
1970-01-01 00:23:53.192344441,676969,view,276704,,,,
1970-01-01 00:23:53.194613963,547051,view,184199,,,,
1970-01-01 00:23:53.193581950,198036,view,337335,,,,
1970-01-01 00:23:53.193799250,986452,view,429607,,,,
1970-01-01 00:23:53.192259223,1044315,view,325262,,,,
1970-01-01 00:23:53.193024992,249113,view,425726,,,,
1970-01-01 00:23:53.193362097,672710,view,161346,,,,
1970-01-01 00:23:53.193080618,824778,view,285173,,,,
1970-01-01 00:23:53.194060639,79247,view,458894,,,,
1970-01-01 00:23:53.192997501,1143402,view,272446,,,,
1970-01-01 00:23:53.191691541,178282,view,449010,,,,
1970-01-01 00:23:53.192144515,733007,view,188148,,,,
1970-01-01 00:23:53.193614579,948586,view,402236,,,,
1970-01-01 00:23:53.192321718,752818,view,43391,,,,
1970-01-01 00:23:53.193990704,85734,view,331725,,,,
1970-01-01 00:23:53.194504129,1323080,view,71957,,,,
1970-01-01 00:23:53.193535886,820159,view,369447,,,,
1970-01-01 00:23:53.193595554,927479,view,201940,,,,
1970-01-01 00:23:53.193798367,463621,view,372845,,,,
1970-01-01 00:23:53.192866366,290549,view,72611,,,,
1970-01-01 00:23:53.194408687,937632,view,260581,,,,
1970-01-01 00:23:53.192651984,511064,view,354042,,,,
1970-01-01 00:23:53.194473728,998406,view,33638,,,,
1970-01-01 00:23:53.192750383,1057088,view,334432,,,,
1970-01-01 00:23:53.193383427,550788,view,440180,,,,
1970-01-01 00:23:53.193860477,804607,view,459761,,,,
1970-01-01 00:23:53.192938939,1242160,view,385376,,,,
1970-01-01 00:23:53.194739377,256542,view,336552,,,,
1970-01-01 00:23:53.193490116,668712,view,291770,,,,
1970-01-01 00:23:53.194237764,227335,view,443967,,,,
1970-01-01 00:23:53.192401521,457237,view,234185,,,,
1970-01-01 00:23:53.194177067,1185234,view,154912,,,,
1970-01-01 00:23:53.193887272,1046168,view,86238,,,,
1970-01-01 00:23:53.194498623,85734,view,122834,,,,
1970-01-01 00:23:53.192067753,121688,view,282803,,,,
1970-01-01 00:23:53.194607083,939182,view,48743,,,,
1970-01-01 00:23:53.192584970,951557,view,138439,,,,
1970-01-01 00:23:53.193877348,73449,view,54008,,,,
1970-01-01 00:23:53.194239109,1075043,view,178496,,,,
1970-01-01 00:23:53.191842944,832459,view,458265,,,,
1970-01-01 00:23:53.194920972,192487,view,170751,,,,
1970-01-01 00:23:53.194439583,435847,view,2263,,,,
1970-01-01 00:23:53.194511438,1202062,view,59776,,,,
1970-01-01 00:23:53.193848420,812748,view,14671,,,,
1970-01-01 00:23:53.194516775,131086,view,402110,,,,
1970-01-01 00:23:53.194372591,609410,view,207825,,,,
1970-01-01 00:23:53.193003719,855825,view,460643,,,,
1970-01-01 00:23:53.191793118,15613,view,237422,,,,
1970-01-01 00:23:53.194045795,110877,view,336855,,,,
1970-01-01 00:23:53.193796802,1294366,view,204785,,,,
1970-01-01 00:23:53.191554639,421206,view,392392,,,,
1970-01-01 00:23:53.193477485,948586,view,164109,,,,
1970-01-01 00:23:53.193526308,765834,view,179601,,,,
1970-01-01 00:23:53.194772167,330834,view,134118,,,,
1970-01-01 00:23:53.193872161,1294366,view,106279,,,,
1970-01-01 00:23:53.193979951,1328894,view,43101,,,,
1970-01-01 00:23:53.191548267,742458,view,250212,,,,
1970-01-01 00:23:53.194844501,192487,view,153935,,,,
1970-01-01 00:23:53.194772089,1370178,view,253175,,,,
1970-01-01 00:23:53.192202594,425516,view,466472,,,,
1970-01-01 00:23:53.193860039,1173577,view,106874,,,,
1970-01-01 00:23:53.193131854,1102723,view,280375,,,,
1970-01-01 00:23:53.193323906,1055632,view,316753,,,,
1970-01-01 00:23:53.193207640,628886,view,105274,,,,
1970-01-01 00:23:53.193312720,861030,view,59866,,,,
1970-01-01 00:23:53.193196949,11598,view,62549,,,,
1970-01-01 00:23:53.192145627,303145,view,32971,,,,
1970-01-01 00:23:53.192570930,944943,view,426007,,,,
1970-01-01 00:23:53.191616183,260599,view,86238,,,,
1970-01-01 00:23:53.194481906,1188336,view,216095,,,,
1970-01-01 00:23:53.193463474,1317317,view,14159,,,,
1970-01-01 00:23:53.194675112,1354316,view,215767,,,,
1970-01-01 00:23:53.194983676,1322055,view,308985,,,,
1970-01-01 00:23:53.192078186,1375369,view,139936,,,,
1970-01-01 00:23:53.193611299,286616,view,371590,,,,
1970-01-01 00:23:53.191544655,971845,view,251813,,,,
1970-01-01 00:23:53.193272942,859718,view,379264,,,,
1970-01-01 00:23:53.191523072,229335,view,222613,,,,
1970-01-01 00:23:53.194599663,1313440,view,347937,,,,
1970-01-01 00:23:53.192387024,766230,view,286065,,,,
1970-01-01 00:23:53.194599642,413869,view,232858,,,,
1970-01-01 00:23:53.192693894,1057088,view,334432,,,,
1970-01-01 00:23:53.191689644,980257,view,337431,,,,
1970-01-01 00:23:53.194914324,1322055,view,308985,,,,
1970-01-01 00:23:53.193428621,1141573,view,395596,,,,
1970-01-01 00:23:53.194833684,800587,view,29100,,,,
1970-01-01 00:23:53.193246662,214589,view,267010,,,,
1970-01-01 00:23:53.192974675,1141573,view,203877,,,,
1970-01-01 00:23:53.192282889,945697,view,96924,,,,
1970-01-01 00:23:53.193043397,344176,view,95655,,,,
1970-01-01 00:23:53.193100279,1017556,view,84160,,,,
1970-01-01 00:23:53.193703544,820159,view,261793,,,,
1970-01-01 00:23:53.191774514,612769,view,343537,,,,
1970-01-01 00:23:53.193994575,968797,view,407343,,,,
1970-01-01 00:23:53.194303032,292025,view,63184,,,,
1970-01-01 00:23:53.194893874,679474,view,368057,,,,
1970-01-01 00:23:53.192495279,1047271,view,105334,,,,
1970-01-01 00:23:53.191866286,286616,view,243470,,,,
1970-01-01 00:23:53.193294827,355079,view,444951,,,,
1970-01-01 00:23:53.192439485,1323322,view,227470,,,,
1970-01-01 00:23:53.194792189,24769,view,55364,,,,
1970-01-01 00:23:53.193748486,463621,view,257040,,,,
1970-01-01 00:23:53.191734910,991664,view,62312,,,,
1970-01-01 00:23:53.195003616,1093035,view,444979,,,,
1970-01-01 00:23:53.193341196,219304,view,374673,,,,
1970-01-01 00:23:53.193414949,663314,view,47139,,,,
1970-01-01 00:23:53.194716107,298291,view,24608,,,,
1970-01-01 00:23:53.193884216,983709,view,198209,,,,
1970-01-01 00:23:53.193724968,1136722,view,298056,,,,
1970-01-01 00:23:53.192113953,623748,view,305760,,,,
1970-01-01 00:23:53.193535063,115171,view,356283,,,,
1970-01-01 00:23:53.193881704,320454,view,441953,,,,
1970-01-01 00:23:53.193634926,820159,view,268881,,,,
1970-01-01 00:23:53.191760912,178376,view,189563,,,,
1970-01-01 00:23:53.192506380,1004326,view,432925,,,,
1970-01-01 00:23:53.193493124,1317249,view,204070,,,,
1970-01-01 00:23:53.191729853,118343,view,462945,,,,
1970-01-01 00:23:53.192959427,317642,view,58869,,,,
1970-01-01 00:23:53.194288004,1207572,view,19003,,,,
1970-01-01 00:23:53.194824136,949171,view,150217,,,,
1970-01-01 00:23:53.192311349,1195252,view,358130,,,,
1970-01-01 00:23:53.192775770,227368,view,108638,,,,
1970-01-01 00:23:53.194969716,196602,addtocart,63312,,,,
1970-01-01 00:23:53.193654708,1159635,view,168527,,,,
1970-01-01 00:23:53.193500981,121688,transaction,15335,11117.0,,,
1970-01-01 00:23:53.191477403,421206,view,38006,,,,
1970-01-01 00:23:53.192565867,536514,view,80299,,,,
1970-01-01 00:23:53.193175924,115713,view,433059,,,,
1970-01-01 00:23:53.191788633,1340085,view,159835,,,,
1970-01-01 00:23:53.194550349,553696,view,265505,,,,
1970-01-01 00:23:53.194139564,777066,view,125810,,,,
1970-01-01 00:23:53.193164579,249113,view,181673,,,,
1970-01-01 00:23:53.194350258,610183,view,436461,,,,
1970-01-01 00:23:53.191958331,1332255,view,94488,,,,
1970-01-01 00:23:53.192218717,789827,view,102229,,,,
1970-01-01 00:23:53.192231907,1358943,view,233770,,,,
1970-01-01 00:23:53.194351839,1065157,view,197980,,,,
1970-01-01 00:23:53.192666341,160807,view,391289,,,,
1970-01-01 00:23:53.192519806,886864,view,76196,,,,
1970-01-01 00:23:53.194094518,1149807,view,141703,,,,
1970-01-01 00:23:53.193132535,1134473,view,396045,,,,
1970-01-01 00:23:53.193554368,385457,view,456627,,,,
1970-01-01 00:23:53.191948760,832459,view,281657,,,,
1970-01-01 00:23:53.194531464,192487,view,170751,,,,
1970-01-01 00:23:53.193162715,1055125,view,263153,,,,
1970-01-01 00:23:53.194680008,1015518,view,24291,,,,
1970-01-01 00:23:53.192425487,940454,view,383336,,,,
1970-01-01 00:23:53.191787095,333162,view,434278,,,,
1970-01-01 00:23:53.194679579,138565,view,140861,,,,
1970-01-01 00:23:53.191636446,351150,view,246110,,,,
1970-01-01 00:23:53.191584678,850173,view,243470,,,,
1970-01-01 00:23:53.191851912,1256332,view,165035,,,,
1970-01-01 00:23:53.194427881,553917,view,93001,,,,
1970-01-01 00:23:53.193992715,820159,view,281211,,,,
1970-01-01 00:23:53.191677505,889022,view,395153,,,,
1970-01-01 00:23:53.191765098,15613,view,89737,,,,
1970-01-01 00:23:53.194655137,1291089,view,88318,,,,
1970-01-01 00:23:53.194846767,38015,view,137633,,,,
1970-01-01 00:23:53.192715740,778817,view,184370,,,,
1970-01-01 00:23:53.192981610,1113676,view,350629,,,,
1970-01-01 00:23:53.191711059,409263,view,360173,,,,
1970-01-01 00:23:53.193541168,273406,view,36683,,,,
1970-01-01 00:23:53.194100127,1163398,view,462203,,,,
1970-01-01 00:23:53.194470209,1343346,view,20192,,,,
1970-01-01 00:23:53.194453729,610183,view,396238,,,,
1970-01-01 00:23:53.191598362,721927,view,59467,,,,
1970-01-01 00:23:53.193833507,486646,view,306260,,,,
1970-01-01 00:23:53.192417799,738984,view,61847,,,,
1970-01-01 00:23:53.193616260,1404060,view,320970,,,,
1970-01-01 00:23:53.193176627,216062,view,302948,,,,
1970-01-01 00:23:53.192018538,588923,view,196038,,,,
1970-01-01 00:23:53.191526588,9289,view,315393,,,,
1970-01-01 00:23:53.192635883,1318763,view,379744,,,,
1970-01-01 00:23:53.191826171,850173,view,85940,,,,
1970-01-01 00:23:53.193073246,323192,view,185935,,,,
1970-01-01 00:23:53.193087443,1099154,view,50467,,,,
1970-01-01 00:23:53.194259639,85734,view,264801,,,,
1970-01-01 00:23:53.194377032,371220,view,161478,,,,
1970-01-01 00:23:53.192182037,179335,view,262107,,,,
1970-01-01 00:23:53.193529619,1123910,view,189429,,,,
1970-01-01 00:23:53.192182241,605852,view,80435,,,,
1970-01-01 00:23:53.194631205,949171,view,76617,,,,
1970-01-01 00:23:53.191751657,1349893,view,356320,,,,
1970-01-01 00:23:53.192720617,294125,view,428825,,,,
1970-01-01 00:23:53.193927030,416876,view,350766,,,,
1970-01-01 00:23:53.193526932,127337,view,375492,,,,
1970-01-01 00:23:53.194053638,1211545,view,107853,,,,
1970-01-01 00:23:53.194696771,1314862,view,344224,,,,
1970-01-01 00:23:53.192901157,950703,view,198620,,,,
1970-01-01 00:23:53.194073557,757620,view,397995,,,,
1970-01-01 00:23:53.193760835,463561,view,451967,,1970-01-01 00:23:58.484400,790,n40440.000
1970-01-01 00:23:53.193873160,812748,view,431148,,,,
1970-01-01 00:23:53.193948993,690053,view,421615,,,,
1970-01-01 00:23:53.194890697,803159,view,197245,,,,
1970-01-01 00:23:53.194578342,939182,view,140861,,,,
1970-01-01 00:23:53.192733238,1246148,view,58194,,,,
1970-01-01 00:23:53.192413684,186920,view,248175,,,,
1970-01-01 00:23:53.194822821,1222188,view,403716,,,,
1970-01-01 00:23:53.192267220,1081792,view,135251,,,,
1970-01-01 00:23:53.193410479,119444,view,78163,,,,
1970-01-01 00:23:53.192624693,160807,view,280375,,,,
1970-01-01 00:23:53.194701554,539910,view,385201,,,,
1970-01-01 00:23:53.194403266,606967,view,192832,,,,
1970-01-01 00:23:53.192041936,672744,view,318333,,,,
1970-01-01 00:23:53.193161124,473837,view,416987,,,,
1970-01-01 00:23:53.194802752,660365,view,449646,,,,
1970-01-01 00:23:53.192807066,249113,view,295785,,,,
1970-01-01 00:23:53.192042501,1273449,view,277613,,,,
1970-01-01 00:23:53.194701874,1282331,view,65188,,,,
1970-01-01 00:23:53.192107830,350566,view,458265,,,,
1970-01-01 00:23:53.194261247,536068,view,91607,,,,
1970-01-01 00:23:53.194768852,110929,view,377474,,,,
1970-01-01 00:23:53.193351267,672710,view,77173,,,,
1970-01-01 00:23:53.193049912,447658,view,302303,,,,
1970-01-01 00:23:53.194026467,923376,view,385769,,,,
1970-01-01 00:23:53.192849374,292205,view,102229,,,,
1970-01-01 00:23:53.192456634,748891,view,176162,,,,
1970-01-01 00:23:53.193125438,157954,view,143486,,,,
1970-01-01 00:23:53.191921208,158096,view,154413,,,,
1970-01-01 00:23:53.194545727,648957,view,121453,,,,
1970-01-01 00:23:53.192695054,1377315,view,428952,,,,
1970-01-01 00:23:53.192266935,109429,view,254477,,,,
1970-01-01 00:23:53.192616589,178721,view,49347,,,,
1970-01-01 00:23:53.194745128,883403,view,199810,,,,
1970-01-01 00:23:53.193789881,1141573,view,233263,,,,
1970-01-01 00:23:53.194755794,1370178,view,333560,,,,
1970-01-01 00:23:53.194005239,350566,view,462394,,,,
1970-01-01 00:23:53.194935948,266069,view,319910,,,,
1970-01-01 00:23:53.192260061,1209307,view,123882,,,,
1970-01-01 00:23:53.194502406,1185234,view,62746,,,,
1970-01-01 00:23:53.194280594,7684,view,253615,,,,
1970-01-01 00:23:53.191739062,1242160,view,267535,,,,
1970-01-01 00:23:53.192010489,1312385,view,337358,,,,
1970-01-01 00:23:53.194033035,1139541,view,364043,,,,
1970-01-01 00:23:53.194280384,1395006,view,56352,,,,
1970-01-01 00:23:53.192015852,422998,view,99496,,,,
1970-01-01 00:23:53.193809956,924087,view,412404,,,,
1970-01-01 00:23:53.192975894,611473,view,455006,,,,
1970-01-01 00:23:53.193915008,552148,transaction,81345,5444.0,,,
1970-01-01 00:23:53.193518184,768855,view,316444,,,,
1970-01-01 00:23:53.193032159,639964,view,360258,,,,
1970-01-01 00:23:53.194222728,418972,view,174172,,,,
1970-01-01 00:23:53.192388905,98881,view,24477,,,,
1970-01-01 00:23:53.194182025,420571,view,241752,,,,
1970-01-01 00:23:53.193232883,179239,view,183238,,,,
1970-01-01 00:23:53.194864488,7173,view,14974,,,,
1970-01-01 00:23:53.192892426,32389,view,98728,,,,
1970-01-01 00:23:53.192747163,1057088,view,147551,,,,
1970-01-01 00:23:53.191713959,808813,view,67486,,,,
1970-01-01 00:23:53.193800251,1054451,view,276105,,,,
1970-01-01 00:23:53.192916241,251908,view,212837,,,,
1970-01-01 00:23:53.191780678,588923,view,218505,,,,
1970-01-01 00:23:53.194580641,209390,view,67487,,,,
1970-01-01 00:23:53.194010662,95902,view,298598,,,,
1970-01-01 00:23:53.192812552,544163,view,174955,,,,
1970-01-01 00:23:53.192353698,158096,view,295785,,,,
1970-01-01 00:23:53.193785460,1102703,view,103405,,,,
1970-01-01 00:23:53.194905177,679474,view,83791,,,,
1970-01-01 00:23:53.194225641,216332,view,65426,,,,
1970-01-01 00:23:53.192361649,880180,view,58729,,,,
1970-01-01 00:23:53.194159263,1046017,view,444848,,,,
1970-01-01 00:23:53.192671854,1246148,view,58194,,,,
1970-01-01 00:23:53.192157800,159104,view,463379,,,,
1970-01-01 00:23:53.193118330,173287,view,35742,,,,
1970-01-01 00:23:53.194291005,393390,view,465522,,,,
1970-01-01 00:23:53.193870077,1104441,view,55799,,,,
1970-01-01 00:23:53.192024594,753508,view,20785,,,,
1970-01-01 00:23:53.193089034,1016655,view,122873,,,,
1970-01-01 00:23:53.191990038,481837,view,247307,,,,
1970-01-01 00:23:53.216686718,390730,view,181576,,,,
1970-01-01 00:23:53.218743111,1353254,view,420056,,,,
1970-01-01 00:23:53.218746802,98643,view,420960,,,,
1970-01-01 00:23:53.219699169,987208,view,356837,,,,
1970-01-01 00:23:53.218056322,519449,view,277651,,,,
1970-01-01 00:23:53.218445073,164576,view,69408,,1970-01-01 00:24:00.903600,available,1
1970-01-01 00:23:53.220802151,479753,view,139068,,,,
1970-01-01 00:23:53.220254274,56229,addtocart,115244,,,,
1970-01-01 00:23:53.216689370,778866,view,281958,,,,
1970-01-01 00:23:53.218757551,168685,addtocart,111530,,,,
1970-01-01 00:23:53.218757893,734678,view,162345,,,,
1970-01-01 00:23:53.218449342,662168,view,37029,,,,
1970-01-01 00:23:53.218761995,1238871,view,51561,,,,
1970-01-01 00:23:53.219270717,1039327,view,105878,,,,
1970-01-01 00:23:53.218762620,332961,view,19572,,,,
1970-01-01 00:23:53.217830558,868786,view,325353,,,,
1970-01-01 00:23:53.219413350,255540,view,347657,,,,
1970-01-01 00:23:53.216559709,777089,view,221329,,,,
1970-01-01 00:23:53.218767984,1058384,view,257040,,,,
1970-01-01 00:23:53.217522763,520695,view,273743,,,,
1970-01-01 00:23:53.218772485,232712,view,336393,,,,
1970-01-01 00:23:53.216986389,568374,view,79368,,,,
1970-01-01 00:23:53.217699400,674436,view,207581,,,,
1970-01-01 00:23:53.220208728,670253,view,390232,,,,
1970-01-01 00:23:53.220855897,824915,view,292760,,,,
1970-01-01 00:23:53.217863765,1203684,view,80953,,,,
1970-01-01 00:23:53.217425844,46497,view,337262,,,,
1970-01-01 00:23:53.217181141,1266913,view,380913,,,,
1970-01-01 00:23:53.218072646,1132688,view,440128,,,,
1970-01-01 00:23:53.217639876,310248,view,172340,,,,
1970-01-01 00:23:53.220667123,580269,view,62866,,,,
1970-01-01 00:23:53.220051727,492414,view,8501,,,,
1970-01-01 00:23:53.218787846,791370,view,302946,,,,
1970-01-01 00:23:53.219611486,841219,view,80700,,,,
1970-01-01 00:23:53.217542961,573280,view,212918,,,,
1970-01-01 00:23:53.219992412,1040932,view,212956,,,,
1970-01-01 00:23:53.220242328,821184,view,399728,,,,
1970-01-01 00:23:53.218799177,1179330,view,319506,,,,
1970-01-01 00:23:53.216970132,197249,view,59477,,,,
1970-01-01 00:23:53.219119335,663787,view,219936,,,,
1970-01-01 00:23:53.218807424,741671,view,443875,,,,
1970-01-01 00:23:53.220673811,774019,view,76734,,,,
1970-01-01 00:23:53.216706043,874763,view,229257,,,,
1970-01-01 00:23:53.220848630,467124,view,396318,,,,
1970-01-01 00:23:53.217173197,1030058,view,183178,,,,
1970-01-01 00:23:53.219818498,495280,view,387660,,,,
1970-01-01 00:23:53.217257455,53588,view,463280,,,,
1970-01-01 00:23:53.216961517,75384,view,418572,,,,
1970-01-01 00:23:53.218815612,572783,view,73593,,,,
1970-01-01 00:23:53.217966859,114471,view,44054,,,,
1970-01-01 00:23:53.220049612,113274,view,380511,,,,
1970-01-01 00:23:53.218820997,1398678,view,184585,,,,
1970-01-01 00:23:53.218832625,1238871,view,51561,,,,
1970-01-01 00:23:53.218833204,719855,view,303055,,,,
1970-01-01 00:23:53.219620129,468850,view,179601,,,,
1970-01-01 00:23:53.219231513,152407,view,89675,,,,
1970-01-01 00:23:53.217443929,37840,view,297513,,,,
1970-01-01 00:23:53.220184421,626205,view,226127,,,,
1970-01-01 00:23:53.216943226,223779,view,463941,,,,
1970-01-01 00:23:53.218848002,1038306,view,49810,,,,
1970-01-01 00:23:53.217842534,997107,view,253353,,,,
1970-01-01 00:23:53.218855073,55270,view,259487,,,,
1970-01-01 00:23:53.217162685,932927,view,273743,,,,
1970-01-01 00:23:53.218856734,375514,view,374363,,,,
1970-01-01 00:23:53.216936981,772309,view,34435,,,,
1970-01-01 00:23:53.220046418,1218450,view,424976,,,,
1970-01-01 00:23:53.218862643,343908,view,105720,,,,
1970-01-01 00:23:53.219979247,49552,view,137174,,,,
1970-01-01 00:23:53.220690974,712443,view,431322,,,,
1970-01-01 00:23:53.218876080,834802,view,115525,,,,
1970-01-01 00:23:53.220245031,333827,view,335975,,,,
1970-01-01 00:23:53.219005687,1324075,view,367975,,,,
1970-01-01 00:23:53.217445797,901046,view,197968,,,,
1970-01-01 00:23:53.219785580,369776,view,198798,,,,
1970-01-01 00:23:53.218238410,1087049,view,30024,,,,
1970-01-01 00:23:53.218888272,1238871,view,51561,,,,
1970-01-01 00:23:53.220523541,123428,view,1981,,,,
1970-01-01 00:23:53.218344824,1203692,view,220530,,,,
1970-01-01 00:23:53.218895433,208110,view,199484,,,,
1970-01-01 00:23:53.218501026,535937,view,206925,,,,
1970-01-01 00:23:53.216632259,874763,view,268081,,,,
1970-01-01 00:23:53.217951982,680960,view,305786,,,,
1970-01-01 00:23:53.217727423,1360339,view,381653,,,,
1970-01-01 00:23:53.219778202,976562,view,44220,,,,
1970-01-01 00:23:53.219633772,915735,view,162932,,,,
1970-01-01 00:23:53.216908582,1042749,view,172967,,,,
1970-01-01 00:23:53.220542028,123428,view,151839,,,,
1970-01-01 00:23:53.220042944,50634,view,400577,,,,
1970-01-01 00:23:53.218909515,697865,view,343878,,,,
1970-01-01 00:23:53.216733465,248698,view,94952,,,,
1970-01-01 00:23:53.218913971,524378,view,417276,,,,
1970-01-01 00:23:53.220358346,285091,view,450414,,,,
1970-01-01 00:23:53.217148447,726049,view,463238,,,,
1970-01-01 00:23:53.216735395,772309,addtocart,72422,,,,
1970-01-01 00:23:53.218918777,1154250,view,362851,,,,
1970-01-01 00:23:53.218921396,572783,view,328696,,,,
1970-01-01 00:23:53.219032738,992115,view,182099,,,,
1970-01-01 00:23:53.219189080,288847,view,398379,,,,
1970-01-01 00:23:53.220524296,1008863,view,459186,,,,
1970-01-01 00:23:53.217142716,169835,view,159603,,,,
1970-01-01 00:23:53.216886935,703707,view,330649,,,,
1970-01-01 00:23:53.219641357,5925,view,291413,,,,
1970-01-01 00:23:53.218941216,159298,view,354676,,,,
1970-01-01 00:23:53.216884780,450932,view,435713,,1970-01-01 00:23:52.436400,188,769062
1970-01-01 00:23:53.220428311,328465,view,452210,,,,
1970-01-01 00:23:53.217650552,194340,view,162243,,,,
1970-01-01 00:23:53.219179174,304146,view,42002,,,,
1970-01-01 00:23:53.218353931,1092695,addtocart,383488,,,,
1970-01-01 00:23:53.216876714,1205474,view,123986,,,,
1970-01-01 00:23:53.220592120,264879,view,115586,,,,
1970-01-01 00:23:53.218958175,1154250,view,116794,,,,
1970-01-01 00:23:53.219492276,1270927,view,278679,,,,
1970-01-01 00:23:53.219747960,841219,view,72011,,,,
1970-01-01 00:23:53.217242577,796623,view,227628,,,,
1970-01-01 00:23:53.219169319,991242,view,318871,,,,
1970-01-01 00:23:53.217499518,662168,view,184628,,,,
1970-01-01 00:23:53.220772884,264879,view,115586,,,,
1970-01-01 00:23:53.220772624,257432,view,239604,,,,
1970-01-01 00:23:53.219959283,712443,view,346655,,,,
1970-01-01 00:23:53.218231292,936361,view,246634,,,,
1970-01-01 00:23:53.218357871,244974,view,328901,,,,
1970-01-01 00:23:53.217885963,594902,view,64521,,,,
1970-01-01 00:23:53.219161045,1317096,view,152085,,,,
1970-01-01 00:23:53.217383269,37840,view,297513,,,,
1970-01-01 00:23:53.218124231,995986,view,94099,,,,
1970-01-01 00:23:53.220141392,1394724,view,291689,,,,
1970-01-01 00:23:53.220479052,868445,view,156108,,,,
1970-01-01 00:23:53.218541046,517546,view,97750,,,,
1970-01-01 00:23:53.217543958,322679,view,352247,,,,
1970-01-01 00:23:53.218148039,472949,view,310353,,,,
1970-01-01 00:23:53.218148197,388217,view,170599,,,,
1970-01-01 00:23:53.218148829,103440,view,349737,,,,
1970-01-01 00:23:53.216787971,44558,view,262138,,,,
1970-01-01 00:23:53.220487573,591033,view,460188,,,,
1970-01-01 00:23:53.217365713,1140937,view,160259,,,,
1970-01-01 00:23:53.218154553,1041483,view,89977,,,,
1970-01-01 00:23:53.218069667,251041,view,393742,,,,
1970-01-01 00:23:53.217621937,239740,addtocart,367667,,,,
1970-01-01 00:23:53.220598812,712443,view,431322,,,,
1970-01-01 00:23:53.218109710,1121229,view,370889,,,,
1970-01-01 00:23:53.218108716,494732,view,137440,,,,
1970-01-01 00:23:53.218103662,1120751,view,375588,,,,
1970-01-01 00:23:53.220834470,994896,view,10572,,,,
1970-01-01 00:23:53.220227943,1248118,view,459109,,,,
1970-01-01 00:23:53.220473682,644296,view,203679,,,,
1970-01-01 00:23:53.218099933,483962,view,35881,,,,
1970-01-01 00:23:53.218183398,879797,view,427923,,,,
1970-01-01 00:23:53.220152367,1187942,view,161026,,,,
1970-01-01 00:23:53.220116635,1026160,view,197005,,,,
1970-01-01 00:23:53.219467746,246753,view,284941,,,,
1970-01-01 00:23:53.217585094,1092695,addtocart,38796,,,,
1970-01-01 00:23:53.216758745,97140,view,323280,,,,
1970-01-01 00:23:53.217609840,663067,view,167271,,,,
1970-01-01 00:23:53.220470032,114598,view,179683,,,,
1970-01-01 00:23:53.218203419,907809,view,57284,,,,
1970-01-01 00:23:53.220501536,179196,view,466501,,,,
1970-01-01 00:23:53.217112577,796623,view,227628,,,,
1970-01-01 00:23:53.218087643,169835,view,14858,,,,
1970-01-01 00:23:53.218210261,1137999,view,156094,,,,
1970-01-01 00:23:53.217884313,154348,view,273940,,,,
1970-01-01 00:23:53.220763474,992115,view,182099,,,,
1970-01-01 00:23:53.218213174,936361,view,315545,,,,
1970-01-01 00:23:53.217752051,1042749,view,172967,,,,
1970-01-01 00:23:53.217325353,1025745,view,464731,,,,
1970-01-01 00:23:53.217410543,1230877,view,60918,,,,
1970-01-01 00:23:53.218078654,397995,view,229204,,,,
1970-01-01 00:23:53.218373724,236181,view,67182,,,,
1970-01-01 00:23:53.218011420,1299250,view,422948,,,,
1970-01-01 00:23:53.218375150,1218306,view,171959,,,,
1970-01-01 00:23:53.219090552,322142,view,311052,,,,
1970-01-01 00:23:53.217301087,183568,view,335913,,,,
1970-01-01 00:23:53.218589241,363915,view,260256,,,,
1970-01-01 00:23:53.218592636,332961,view,464409,,,,
1970-01-01 00:23:53.217096768,722736,view,167587,,,,
1970-01-01 00:23:53.220611952,1398678,view,161688,,,,
1970-01-01 00:23:53.220284481,285091,view,218541,,,,
1970-01-01 00:23:53.220614148,328465,view,452210,,,,
1970-01-01 00:23:53.217681432,1353620,view,247061,,,,
1970-01-01 00:23:53.220615340,1046034,view,379002,,,,
1970-01-01 00:23:53.219566491,255540,view,310590,,,,
1970-01-01 00:23:53.218608582,992272,view,50814,,,,
1970-01-01 00:23:53.218388645,926210,view,290839,,,,
1970-01-01 00:23:53.217810130,662168,view,122604,,,,
1970-01-01 00:23:53.217778643,481406,view,347013,,,,
1970-01-01 00:23:53.216574429,1404060,view,272446,,,,
1970-01-01 00:23:53.217075114,542333,view,199952,,,,
1970-01-01 00:23:53.220021147,1402924,view,315543,,,,
1970-01-01 00:23:53.219906599,306088,view,281442,,,,
1970-01-01 00:23:53.218636795,776534,view,20388,,,,
1970-01-01 00:23:53.217911121,1203684,addtocart,80953,,,,
1970-01-01 00:23:53.217632756,192682,view,311303,,,,
1970-01-01 00:23:53.217273969,914970,view,326449,,,,
1970-01-01 00:23:53.217765656,596533,view,56153,,,,
1970-01-01 00:23:53.217668704,1299250,view,422948,,,,
1970-01-01 00:23:53.220741688,1141279,view,442837,,,,
1970-01-01 00:23:53.217517350,65083,view,134353,,,,
1970-01-01 00:23:53.217612201,591350,view,253615,,,,
1970-01-01 00:23:53.218654430,788592,view,91755,,,,
1970-01-01 00:23:53.218656157,443049,view,242521,,,,
1970-01-01 00:23:53.218656883,776534,view,20388,,,,
1970-01-01 00:23:53.218657204,624593,view,437293,,,,
1970-01-01 00:23:53.218662538,1238871,view,51561,,,,
1970-01-01 00:23:53.216663444,318122,view,6266,,,,
1970-01-01 00:23:53.218040381,1373937,view,242567,,,,
1970-01-01 00:23:53.218670607,745693,view,412297,,,,
1970-01-01 00:23:53.220813104,1141279,view,133415,,,,
1970-01-01 00:23:53.220860483,989491,view,389118,,,,
1970-01-01 00:23:53.216775435,1081632,view,87575,,,,
1970-01-01 00:23:53.219052619,745798,view,179849,,,,
1970-01-01 00:23:53.217817997,255540,view,50048,,,,
1970-01-01 00:23:53.217991330,407935,view,103076,,,,
1970-01-01 00:23:53.218680765,1088319,view,93144,,,,
1970-01-01 00:23:53.219666502,807025,view,437302,,,,
1970-01-01 00:23:53.219703308,875630,view,186352,,,,
1970-01-01 00:23:53.217436637,960480,view,393134,,,,
1970-01-01 00:23:53.217038414,680829,view,188698,,,,
1970-01-01 00:23:53.219310084,1317267,view,439537,,,,
1970-01-01 00:23:53.220179464,769795,view,438182,,,,
1970-01-01 00:23:53.217766975,1203684,view,53779,,,,
1970-01-01 00:23:53.218692951,676904,view,37583,,,,
1970-01-01 00:23:53.217200405,114473,view,32057,,,,
1970-01-01 00:23:53.220057774,498467,view,57165,,,,
1970-01-01 00:23:53.219869744,1756,view,296448,,,,
1970-01-01 00:23:53.218427136,571258,addtocart,50329,,,,
1970-01-01 00:23:53.217024543,132842,view,279690,,,,
1970-01-01 00:23:53.216792965,1154250,view,367790,,,,
1970-01-01 00:23:53.219595257,1044444,view,351825,,,,
1970-01-01 00:23:53.218433694,662168,view,184628,,,,
1970-01-01 00:23:53.220180667,922016,view,326799,,,,
1970-01-01 00:23:53.217864610,960480,view,165348,,,,
1970-01-01 00:23:53.216558478,874763,view,200537,,,,
1970-01-01 00:23:53.217983563,328935,view,48072,,,,
1970-01-01 00:23:53.218725824,98643,view,420960,,,,
1970-01-01 00:23:53.218734507,833956,view,235224,,,,
1970-01-01 00:23:53.217981477,1154250,view,367790,,,,
1970-01-01 00:23:53.220205709,493360,view,422822,,,,
1970-01-01 00:23:53.217715982,260791,view,323381,,,,
1970-01-01 00:23:53.218738635,1120239,view,379752,,,,
1970-01-01 00:23:53.219499096,835743,view,67438,,,,
1970-01-01 00:23:53.219282166,1331854,view,288171,,,,
1970-01-01 00:23:53.218741422,1194444,view,231243,,,,
1970-01-01 00:23:53.174910943,289199,view,36906,,,,
1970-01-01 00:23:53.175943200,596655,view,65889,,,,
1970-01-01 00:23:53.175521312,532258,view,157361,,,,
1970-01-01 00:23:53.173018911,1036871,view,187354,,,,
1970-01-01 00:23:53.175708754,302896,view,257196,,,,
1970-01-01 00:23:53.174825959,273406,addtocart,214912,,,,
1970-01-01 00:23:53.172971345,610183,view,60214,,,,
1970-01-01 00:23:53.173628668,769892,view,285729,,,,
1970-01-01 00:23:53.172636281,12773,view,78849,,,,
1970-01-01 00:23:53.172578643,649450,view,19664,,,,
1970-01-01 00:23:53.176499968,809753,view,153280,,,,
1970-01-01 00:23:53.173167013,633164,view,80622,,,,
1970-01-01 00:23:53.173012842,1098018,view,86497,,,,
1970-01-01 00:23:53.173273872,1130627,view,27494,,,,
1970-01-01 00:23:53.175517360,273406,view,351798,,,,
1970-01-01 00:23:53.172818588,813915,view,78060,,,,
1970-01-01 00:23:53.173938045,322407,view,309403,,,,
1970-01-01 00:23:53.173658460,325929,view,5440,,,,
1970-01-01 00:23:53.173218110,212698,view,216305,,,,
1970-01-01 00:23:53.174235482,356857,view,448817,,,,
1970-01-01 00:23:53.175546693,615793,addtocart,355994,,,,
1970-01-01 00:23:53.174234860,1345880,addtocart,52888,,,,
1970-01-01 00:23:53.173178917,1285796,view,306344,,,,
1970-01-01 00:23:53.176017138,615793,view,319992,,,,
1970-01-01 00:23:53.172666524,1022530,view,59192,,,,
1970-01-01 00:23:53.174966863,1164301,view,93900,,,,
1970-01-01 00:23:53.176437490,499677,view,30513,,,,
1970-01-01 00:23:53.176016314,835907,view,68892,,,,
1970-01-01 00:23:53.176076757,1292420,addtocart,47352,,,,
1970-01-01 00:23:53.176125569,20903,view,101094,,,,
1970-01-01 00:23:53.176781582,938537,view,257773,,,,
1970-01-01 00:23:53.176027191,820159,view,399053,,,,
1970-01-01 00:23:53.175511766,8736,view,24358,,,,
1970-01-01 00:23:53.176587177,1080654,view,300629,,,,
1970-01-01 00:23:53.174892472,273406,addtocart,120098,,,,
1970-01-01 00:23:53.174745404,969254,view,59691,,,,
1970-01-01 00:23:53.174974537,350566,view,47457,,,,
1970-01-01 00:23:53.176539371,503578,view,45121,,,,
1970-01-01 00:23:53.175308147,234164,view,70277,,,,
1970-01-01 00:23:53.174309393,161206,view,325256,,,,
1970-01-01 00:23:53.174533951,1311137,view,49803,,,,
1970-01-01 00:23:53.175558171,352608,view,113646,,,,
1970-01-01 00:23:53.172891821,1223889,view,367490,,,,
1970-01-01 00:23:53.172409757,63121,view,310791,,,,
1970-01-01 00:23:53.176306262,294658,view,283550,,,,
1970-01-01 00:23:53.175699239,647928,view,408649,,,,
1970-01-01 00:23:53.173158304,1079704,view,237318,,,,
1970-01-01 00:23:53.174041266,294006,view,441185,,,,
1970-01-01 00:23:53.173870189,759131,view,13021,,,,
1970-01-01 00:23:53.175912537,912233,view,378673,,,,
1970-01-01 00:23:53.176494651,434006,view,100307,,,,
1970-01-01 00:23:53.173076420,371359,view,139898,,,,
1970-01-01 00:23:53.176118071,1327144,view,139593,,,,
1970-01-01 00:23:53.175505192,113281,view,306513,,,,
1970-01-01 00:23:53.174060048,1041499,view,368503,,,,
1970-01-01 00:23:53.172922653,118053,view,304877,,,,
1970-01-01 00:23:53.172592378,422883,view,54435,,,,
1970-01-01 00:23:53.175741824,343153,view,253615,,,,
1970-01-01 00:23:53.172520454,1172198,view,414460,,,,
1970-01-01 00:23:53.174996338,273406,view,261288,,,,
1970-01-01 00:23:53.175320420,1117221,view,320770,,,,
1970-01-01 00:23:53.174827775,1093035,view,287356,,,,
1970-01-01 00:23:53.176753187,315969,view,95426,,,,
1970-01-01 00:23:53.173861310,983661,view,394522,,,,
1970-01-01 00:23:53.172646969,995602,view,259455,,,,
1970-01-01 00:23:53.175145954,1275438,view,234162,,,,
1970-01-01 00:23:53.174477016,1381613,view,41932,,,,
1970-01-01 00:23:53.174603266,693763,view,265482,,,,
1970-01-01 00:23:53.175003803,673927,view,425647,,,,
1970-01-01 00:23:53.174190052,983661,view,394522,,,,
1970-01-01 00:23:53.173460763,954429,view,170751,,,,
1970-01-01 00:23:53.175328543,759851,view,248816,,,,
1970-01-01 00:23:53.173855105,96154,view,200270,,,,
1970-01-01 00:23:53.174598991,189384,view,299044,,,,
1970-01-01 00:23:53.174188395,1162854,addtocart,13031,,,,
1970-01-01 00:23:53.174641955,492165,view,38913,,,,
1970-01-01 00:23:53.173964603,425170,view,37402,,,,
1970-01-01 00:23:53.175963370,485745,view,182642,,,,
1970-01-01 00:23:53.173301336,1103102,view,413990,,,,
1970-01-01 00:23:53.174516504,425170,view,228325,,,,
1970-01-01 00:23:53.175224614,835907,view,50467,,,,
1970-01-01 00:23:53.176618921,18581,view,187530,,,,
1970-01-01 00:23:53.175833085,216801,view,289984,,,,
1970-01-01 00:23:53.172933974,1398013,view,261863,,,,
1970-01-01 00:23:53.172453557,112347,view,380493,,,,
1970-01-01 00:23:53.176451051,632561,view,243336,,,,
1970-01-01 00:23:53.173188153,1368359,view,457380,,,,
1970-01-01 00:23:53.175496584,615793,view,355994,,,,
1970-01-01 00:23:53.173967525,1242001,view,387279,,,,
1970-01-01 00:23:53.173188388,1191882,view,154703,,,,
1970-01-01 00:23:53.174761571,1215488,view,389545,,,,
1970-01-01 00:23:53.174837702,1204552,view,179038,,,,
1970-01-01 00:23:53.176388606,1161163,view,181527,,,,
1970-01-01 00:23:53.176298817,190277,view,225083,,,,
1970-01-01 00:23:53.173152057,556273,view,152085,,,,
1970-01-01 00:23:53.173592655,322407,view,202835,,,,
1970-01-01 00:23:53.175016210,314189,view,138027,,,,
1970-01-01 00:23:53.172754114,965394,view,454672,,,,
1970-01-01 00:23:53.172856189,889657,view,15327,,,,
1970-01-01 00:23:53.176223373,83998,view,198251,,,,
1970-01-01 00:23:53.176251023,623884,view,5127,,,,
1970-01-01 00:23:53.173395834,943524,view,392074,,,,
1970-01-01 00:23:53.175017711,234164,view,262917,,,,
1970-01-01 00:23:53.176583251,312216,view,82452,,,,
1970-01-01 00:23:53.173342688,452021,view,96680,,,,
1970-01-01 00:23:53.172525331,653625,view,420871,,,,
1970-01-01 00:23:53.173394376,551925,view,304719,,,,
1970-01-01 00:23:53.174560982,229653,view,165816,,,,
1970-01-01 00:23:53.173465433,1215130,view,235224,,,,
1970-01-01 00:23:53.172491822,118053,view,304877,,,,
1970-01-01 00:23:53.173071125,322407,view,260957,,,,
1970-01-01 00:23:53.172163941,465755,view,294632,,,,
1970-01-01 00:23:53.175753117,548480,view,41217,,,,
1970-01-01 00:23:53.176488803,777696,view,158829,,,,
1970-01-01 00:23:53.173189819,910665,view,161951,,,,
1970-01-01 00:23:53.174837566,820159,view,80502,,1970-01-01 00:23:59.694000,available,1
1970-01-01 00:23:53.174718167,406429,view,78978,,,,
1970-01-01 00:23:53.176763417,34648,view,281211,,,,
1970-01-01 00:23:53.173977945,259302,view,299256,,,,
1970-01-01 00:23:53.175028744,670171,view,429870,,,,
1970-01-01 00:23:53.173582607,332434,view,97932,,,,
1970-01-01 00:23:53.175685211,749276,addtocart,61240,,,,
1970-01-01 00:23:53.174823118,104529,view,440373,,,,
1970-01-01 00:23:53.175347884,936437,view,144675,,,,
1970-01-01 00:23:53.176736375,102019,transaction,150318,13556.0,,,
1970-01-01 00:23:53.173003000,348743,view,386056,,,,
1970-01-01 00:23:53.174628286,369530,view,94198,,,,
1970-01-01 00:23:53.174778418,601744,view,384514,,,,
1970-01-01 00:23:53.175757803,886287,view,91452,,,,
1970-01-01 00:23:53.176131188,800216,view,87824,,,,
1970-01-01 00:23:53.172900240,1267731,view,39490,,,,
1970-01-01 00:23:53.175484641,878815,view,355994,,,,
1970-01-01 00:23:53.172489521,1371643,view,12765,,,,
1970-01-01 00:23:53.174319711,425170,view,398012,,,,
1970-01-01 00:23:53.176429280,809753,view,329693,,,,
1970-01-01 00:23:53.173029022,1181810,view,444365,,,,
1970-01-01 00:23:53.173829834,322407,view,337348,,,,
1970-01-01 00:23:53.172936316,161416,view,303055,,,,
1970-01-01 00:23:53.173248656,1130627,view,27494,,,,
1970-01-01 00:23:53.174549836,291812,view,348942,,,,
1970-01-01 00:23:53.176039617,1134896,view,87824,,,,
1970-01-01 00:23:53.173989852,1403718,view,433165,,,,
1970-01-01 00:23:53.176770383,451946,view,459475,,,,
1970-01-01 00:23:53.176590113,1256558,view,361103,,,,
1970-01-01 00:23:53.172887919,140279,addtocart,255708,,,,
1970-01-01 00:23:53.173571419,556273,view,29908,,,,
1970-01-01 00:23:53.175360916,234513,view,216695,,,,
1970-01-01 00:23:53.173244388,779901,view,368094,,,,
1970-01-01 00:23:53.175474508,1242777,view,430292,,,,
1970-01-01 00:23:53.173243583,557378,view,24855,,,,
1970-01-01 00:23:53.172194611,111566,view,325319,,,,
1970-01-01 00:23:53.175367546,108118,view,157078,,,,
1970-01-01 00:23:53.174138407,367820,view,43389,,,,
1970-01-01 00:23:53.174518180,189384,transaction,310791,7244.0,,,
1970-01-01 00:23:53.175674086,749276,view,61240,,,,
1970-01-01 00:23:53.173811856,769892,view,335041,,,,
1970-01-01 00:23:53.175469834,1401694,view,303715,,,,
1970-01-01 00:23:53.175469591,878815,view,355994,,,,
1970-01-01 00:23:53.175371191,1052536,view,428372,,,,
1970-01-01 00:23:53.173060748,1269751,view,144076,,,,
1970-01-01 00:23:53.173239791,556273,view,401264,,,,
1970-01-01 00:23:53.173807741,5129,view,67748,,,,
1970-01-01 00:23:53.174759285,740145,view,442683,,,,
1970-01-01 00:23:53.175186893,1215544,view,182746,,,,
1970-01-01 00:23:53.172385479,1298909,view,347974,,,,
1970-01-01 00:23:53.175184863,442414,view,71846,,,,
1970-01-01 00:23:53.174423344,1296338,view,147825,,,,
1970-01-01 00:23:53.176320539,1235292,addtocart,240004,,,,
1970-01-01 00:23:53.174008862,559000,view,313203,,,,
1970-01-01 00:23:53.172605701,184551,view,277276,,,,
1970-01-01 00:23:53.175889738,615793,view,319992,,,,
1970-01-01 00:23:53.173136799,1014645,view,112568,,,,
1970-01-01 00:23:53.174122649,425170,view,37402,,,,
1970-01-01 00:23:53.172316549,1113387,view,266900,,,,
1970-01-01 00:23:53.172221786,715063,view,319992,,,,
1970-01-01 00:23:53.175182982,1037305,view,22471,,,,
1970-01-01 00:23:53.174362973,370699,view,360403,,,,
1970-01-01 00:23:53.175182449,1053369,view,138273,,,,
1970-01-01 00:23:53.173712975,487643,view,29100,,,,
1970-01-01 00:23:53.172193572,670816,view,296594,,,,
1970-01-01 00:23:53.175920821,615793,view,460188,,,,
1970-01-01 00:23:53.175610166,46719,view,340749,,,,
1970-01-01 00:23:53.175776554,390248,view,327424,,,,
1970-01-01 00:23:53.173107245,860226,view,431621,,,,
1970-01-01 00:23:53.172951638,1208175,view,117564,,,,
1970-01-01 00:23:53.173365706,557378,view,250658,,,,
1970-01-01 00:23:53.176380987,1071395,view,368231,,,,
1970-01-01 00:23:53.176296284,1080654,view,215413,,,,
1970-01-01 00:23:53.172326355,347864,view,314784,,,,
1970-01-01 00:23:53.173489649,69471,view,461301,,,,
1970-01-01 00:23:53.175083670,433834,view,420578,,,,
1970-01-01 00:23:53.174341347,189384,addtocart,310791,,,,
1970-01-01 00:23:53.173489881,404768,view,421884,,,,
1970-01-01 00:23:53.173323994,384824,view,392895,,,,
1970-01-01 00:23:53.176459513,278983,view,75873,,,,
1970-01-01 00:23:53.173364671,1221409,view,56763,,,,
1970-01-01 00:23:53.174634926,273406,view,138114,,,,
1970-01-01 00:23:53.176098244,518659,view,426298,,,,
1970-01-01 00:23:53.174109166,651718,view,51646,,,,
1970-01-01 00:23:53.176172191,322407,view,202835,,,,
1970-01-01 00:23:53.174387932,312735,view,374841,,,,
1970-01-01 00:23:53.176577400,76370,view,356236,,,,
1970-01-01 00:23:53.173034929,494371,view,239020,,,,
1970-01-01 00:23:53.174703043,73449,view,374101,,,,
1970-01-01 00:23:53.175895575,138131,addtocart,430292,,,,
1970-01-01 00:23:53.173362711,294858,view,245879,,,,
1970-01-01 00:23:53.176296108,350566,view,379520,,,,
1970-01-01 00:23:53.174103718,924226,view,325978,,,,
1970-01-01 00:23:53.176585722,995781,view,415437,,,,
1970-01-01 00:23:53.175395350,581,view,388097,,,,
1970-01-01 00:23:53.174101993,629501,view,275648,,,,
1970-01-01 00:23:53.176064808,121134,view,93067,,,,
1970-01-01 00:23:53.176778262,485547,view,205347,,,,
1970-01-01 00:23:53.175617490,1308748,view,122607,,,,
1970-01-01 00:23:53.173510645,101700,view,100345,,,,
1970-01-01 00:23:53.172912152,253731,view,307285,,,,
1970-01-01 00:23:53.172617625,293206,addtocart,379092,,,,
1970-01-01 00:23:53.172337224,891718,view,56710,,,,
1970-01-01 00:23:53.175618422,390248,view,376911,,,,
1970-01-01 00:23:53.173541749,565684,view,387488,,,,
1970-01-01 00:23:53.175619219,615793,view,306433,,,,
1970-01-01 00:23:53.172940779,785611,view,64751,,,,
1970-01-01 00:23:53.174850679,14699,view,265166,,,,
1970-01-01 00:23:53.172373453,500669,view,447995,,,,
1970-01-01 00:23:53.176308726,1192199,view,461765,,,,
1970-01-01 00:23:53.174725422,1033786,view,209619,,,,
1970-01-01 00:23:53.174467797,1056912,view,110515,,,,
1970-01-01 00:23:53.173539824,1103186,view,257952,,,,
1970-01-01 00:23:53.176473625,35692,view,172063,,,,
1970-01-01 00:23:53.172456013,118053,view,304877,,,,
1970-01-01 00:23:53.172757638,1072485,view,38403,,,,
1970-01-01 00:23:53.173328039,1194501,view,165084,,,,
1970-01-01 00:23:53.176640051,409254,view,276245,,,,
1970-01-01 00:23:53.176063071,343153,view,262159,,,,
1970-01-01 00:23:53.172745953,1235292,view,293735,,,,
1970-01-01 00:23:53.176050975,438659,view,4332,,,,
1970-01-01 00:23:53.176609819,809753,view,153280,,,,
1970-01-01 00:23:53.176777974,1321540,view,91249,,,,
1970-01-01 00:23:53.173512893,40946,view,140141,,,,
1970-01-01 00:23:53.173535616,404768,view,263188,,,,
1970-01-01 00:23:53.175625341,1085369,view,267196,,,,
1970-01-01 00:23:53.173728239,672060,view,217268,,,,
1970-01-01 00:23:53.175109292,492165,view,191101,,,,
1970-01-01 00:23:53.176373044,383770,view,158507,,,,
1970-01-01 00:23:53.173354239,1349454,view,370956,,,,
1970-01-01 00:23:53.175408906,189384,view,299044,,,,
1970-01-01 00:23:53.173499307,284327,view,147965,,,,
1970-01-01 00:23:53.173352925,1094964,view,6992,,,,
1970-01-01 00:23:53.176632267,262510,view,58961,,,,
1970-01-01 00:23:53.176143401,448855,view,256695,,,,
1970-01-01 00:23:53.176193130,110339,view,10659,,,,
1970-01-01 00:23:53.175999709,302896,view,111010,,,,
1970-01-01 00:23:53.175161357,1053369,view,138273,,,,
1970-01-01 00:23:53.176574575,1324247,view,391131,,,,
1970-01-01 00:23:53.172985504,1390955,view,81470,,,,
1970-01-01 00:23:53.172992159,518838,view,354701,,,,
1970-01-01 00:23:53.172352825,697663,view,110994,,,,
1970-01-01 00:23:53.175629346,343153,view,28100,,,,
1970-01-01 00:23:53.176054009,1301339,view,209792,,,,
1970-01-01 00:23:53.175117985,562136,view,293687,,,,
1970-01-01 00:23:53.174075536,1221409,view,408404,,,,
1970-01-01 00:23:53.175120851,1109399,view,387691,,,,
1970-01-01 00:23:53.174342129,446721,view,332628,,,,
1970-01-01 00:23:53.172356228,1098018,view,456889,,,,
1970-01-01 00:23:53.174658922,901082,view,338130,,,,
1970-01-01 00:23:53.175158211,1351643,view,156993,,,,
1970-01-01 00:23:53.173348889,127547,view,177478,,,,
1970-01-01 00:23:53.176417216,139579,view,188558,,,,
1970-01-01 00:23:53.173503208,1326818,view,409655,,,,
1970-01-01 00:23:53.175905485,1161163,view,383396,,,,
1970-01-01 00:23:53.173046480,1308992,view,240421,,,,
1970-01-01 00:23:53.172946315,1071808,view,426550,,,,
1970-01-01 00:23:53.174926523,945706,view,121318,,,,
1970-01-01 00:23:53.172463583,184551,view,277276,,,,
1970-01-01 00:23:53.174413087,834101,view,429963,,,,
1970-01-01 00:23:53.175269636,12635,view,275269,,,,
1970-01-01 00:23:53.174265621,1235292,view,240004,,,,
1970-01-01 00:23:53.173437084,404768,view,325256,,,,
1970-01-01 00:23:53.175266327,752647,view,360516,,,,
1970-01-01 00:23:53.173088176,751255,view,167484,,,,
1970-01-01 00:23:53.173640262,668436,view,193359,,,,
1970-01-01 00:23:53.174430018,1381613,view,60376,,,,
1970-01-01 00:23:53.174482157,232569,view,306256,,,,
1970-01-01 00:23:53.176121274,343153,view,262159,,,,
1970-01-01 00:23:53.173348092,127547,view,391089,,,,
1970-01-01 00:23:53.174919240,189384,view,299044,,,,
1970-01-01 00:23:53.172927608,1223889,view,243355,,,,
1970-01-01 00:23:53.173912155,127547,view,270950,,,,
1970-01-01 00:23:53.175945068,472533,view,12523,,,,
1970-01-01 00:23:53.174916114,1404317,view,99038,,,,
1970-01-01 00:23:53.175848050,607793,view,168515,,,,
1970-01-01 00:23:53.174942184,1283529,view,207108,,,,
1970-01-01 00:23:53.172453651,73449,view,65286,,,,
1970-01-01 00:23:53.172967661,977087,view,373384,,,,
1970-01-01 00:23:53.176502466,1208311,view,375239,,,,
1970-01-01 00:23:53.175854695,216801,view,19629,,,,
1970-01-01 00:23:53.172758593,610183,view,272563,,,,
1970-01-01 00:23:53.182890869,815279,view,12489,,,,
1970-01-01 00:23:53.182613050,778052,view,234865,,,,
1970-01-01 00:23:53.182895812,326157,view,88402,,,,
1970-01-01 00:23:53.182899272,801815,view,365425,,,,
1970-01-01 00:23:53.182901002,350566,view,299044,,,,
1970-01-01 00:23:53.182903229,1083852,view,82174,,,,
1970-01-01 00:23:53.182591447,973299,view,277264,,,,
1970-01-01 00:23:53.182912334,826578,view,96776,,,,
1970-01-01 00:23:53.182914051,130434,view,284600,,,,
1970-01-01 00:23:53.182916416,1337946,view,183087,,,,
1970-01-01 00:23:53.182923465,1210904,view,381265,,,,
1970-01-01 00:23:53.182929093,728227,view,240909,,,,
